{"annotations": {"list": []}, "editable": true, "panels": [{"type": "timeseries", "title": "Pipeline push_time_seconds", "targets": [{"expr": "push_time_seconds", "refId": "A", "datasource": {"type": "prometheus", "uid": "PBFA97CFB590B2093"}}], "id": 1}, {"type": "stat", "title": "NEWAVE status", "targets": [{"expr": "max(pipeline_status{job=\"newave\"})", "refId": "A", "datasource": {"type": "prometheus", "uid": "PBFA97CFB590B2093"}}], "id": 2}, {"type": "stat", "title": "DECOMP status", "targets": [{"expr": "max(pipeline_status{job=\"decomp\"})", "refId": "A", "datasource": {"type": "prometheus", "uid": "PBFA97CFB590B2093"}}], "id": 3}], "schemaVersion": 36, "style": "dark", "tags": ["encadeado", "compacto"], "timezone": "browser", "title": "Encadeado compacto", "version": 1}