{"annotations": {"list": []}, "editable": true, "gnetId": null, "graphTooltip": 0, "panels": [{"type": "stat", "title": "Nodes up", "targets": [{"expr": "count(up==1)", "refId": "A", "datasource": {"type": "prometheus", "uid": "PBFA97CFB590B2093"}}], "id": 1}, {"type": "timeseries", "title": "CPU (avg)", "targets": [{"expr": "avg(rate(node_cpu_seconds_total{mode!=\"idle\"}[5m]))", "refId": "A", "datasource": {"type": "prometheus", "uid": "PBFA97CFB590B2093"}}], "id": 2}], "schemaVersion": 36, "style": "dark", "tags": ["infra", "essentials"], "timezone": "browser", "title": "Infra Essentials", "version": 1}